City_ID,City,Country,Date,Lat,Lng,Max Temp,Humidity,Cloudiness,Wind Speed
0,Raduzhnyy,RU,2021-10-20 23:49:01,62.0961,77.475,39.25,92,100,6.93
1,Hilo,US,2021-10-20 23:49:01,19.7297,-155.09,80.33,67,40,11.5
2,Vardo,NO,2021-10-20 23:49:02,70.3705,31.1107,33.76,76,100,25.39
3,New Norfolk,AU,2021-10-20 23:47:08,-42.7826,147.0587,66.65,49,93,3.0
4,Severo-Kurilsk,RU,2021-10-20 23:47:24,50.6789,156.125,36.54,63,79,22.37
5,Jieshi,CN,2021-10-20 23:49:03,22.8134,115.8257,77.95,83,97,6.46
6,Nuevo Progreso,MX,2021-10-20 23:49:03,23.1667,-97.95,82.47,62,7,5.01
7,Kavieng,PG,2021-10-20 23:49:04,-2.5744,150.7967,82.71,75,90,6.06
8,Cabo San Lucas,MX,2021-10-20 23:44:40,22.8909,-109.9124,86.61,71,8,9.42
9,Mataura,NZ,2021-10-20 23:47:39,-46.1927,168.8643,56.01,43,83,2.01
10,Magistralnyy,RU,2021-10-20 23:49:05,56.1725,107.4458,25.38,98,80,2.64
11,Bethel,US,2021-10-20 23:48:12,41.3712,-73.414,67.66,75,1,5.75
12,Atuona,PF,2021-10-20 23:47:17,-9.8,-139.0333,77.0,82,13,15.95
13,Rikitea,PF,2021-10-20 23:47:51,-23.1203,-134.9692,74.44,70,29,20.42
14,East London,ZA,2021-10-20 23:48:23,-33.0153,27.9116,62.15,82,44,11.83
15,Rocha,UY,2021-10-20 23:49:07,-34.4833,-54.3333,52.02,86,36,6.8
16,Nizhniy Kuranakh,RU,2021-10-20 23:49:07,58.8353,125.4869,30.34,90,100,7.29
17,Fukue,JP,2021-10-20 23:49:08,32.6881,128.8419,57.56,100,90,1.14
18,Sistranda,NO,2021-10-20 23:49:08,63.7256,8.834,46.9,66,99,36.78
19,Vestmannaeyjar,IS,2021-10-20 23:47:15,63.4427,-20.2734,41.29,71,100,16.46
20,Nome,US,2021-10-20 23:48:28,64.5011,-165.4064,34.16,93,90,6.91
21,Kiama,AU,2021-10-20 23:48:07,-34.6833,150.8667,71.01,71,70,5.28
22,Ponta Do Sol,PT,2021-10-20 23:49:10,32.6667,-17.1,74.03,79,100,6.73
23,Kaitangata,NZ,2021-10-20 23:48:05,-46.2817,169.8464,53.55,52,94,4.29
24,Supe,PE,2021-10-20 23:49:11,-10.8,-77.7333,63.64,85,50,8.88
25,Thompson,CA,2021-10-20 23:47:47,55.7435,-97.8558,35.76,41,75,4.61
26,Bathsheba,BB,2021-10-20 23:49:12,13.2167,-59.5167,83.01,78,40,21.85
27,Buta,CD,2021-10-20 23:49:12,2.7858,24.73,70.23,100,100,0.2
28,Gravdal,NO,2021-10-20 23:49:13,68.1214,13.5031,33.26,97,100,14.97
29,Albany,US,2021-10-20 23:47:04,42.6001,-73.9662,66.61,64,74,5.73
30,Rio Gallegos,AR,2021-10-20 23:49:13,-51.6226,-69.2181,53.65,26,0,8.05
31,Visakhapatnam,IN,2021-10-20 23:49:14,17.69,83.2093,78.69,100,40,2.3
32,Palmer,US,2021-10-20 23:49:14,42.1584,-72.3287,64.81,75,48,3.44
33,Hamilton,US,2021-10-20 23:48:43,39.1834,-84.5333,65.84,67,1,6.91
34,Setermoen,NO,2021-10-20 23:49:15,68.861,18.3486,30.43,86,100,8.39
35,Tautira,PF,2021-10-20 23:48:24,-17.7333,-149.15,80.62,78,71,12.24
36,Hobart,AU,2021-10-20 23:47:42,-42.8794,147.3294,67.01,57,75,1.99
37,Vaini,TO,2021-10-20 23:47:06,-21.2,-175.2,80.76,78,20,10.36
38,Nuqui,CO,2021-10-20 23:49:16,5.7125,-77.2708,77.74,87,99,4.72
39,Talnakh,RU,2021-10-20 23:49:17,69.4865,88.3972,23.85,95,99,13.56
40,Saint-Philippe,RE,2021-10-20 23:49:18,-21.3585,55.7679,72.95,78,41,10.31
41,Naze,JP,2021-10-20 23:49:18,28.3667,129.4833,63.52,86,100,11.43
42,Castro,BR,2021-10-20 23:47:25,-24.7911,-50.0119,51.53,93,71,8.23
43,Bluff,NZ,2021-10-20 23:47:53,-46.6,168.3333,49.55,55,91,5.44
44,Great Yarmouth,GB,2021-10-20 23:49:19,52.6083,1.7305,53.02,89,98,15.75
45,Burgeo,CA,2021-10-20 23:45:07,47.6167,-57.6152,49.19,82,100,11.01
46,Pacific Grove,US,2021-10-20 23:49:20,36.6177,-121.9166,66.4,75,90,1.01
47,Atar,MR,2021-10-20 23:48:46,20.5169,-13.0499,81.52,17,3,9.71
48,Butaritari,KI,2021-10-20 23:47:34,3.0707,172.7902,81.12,76,23,11.48
49,Pradopolis,BR,2021-10-20 23:49:21,-21.3594,-48.0656,71.78,81,44,7.31
50,Mehamn,NO,2021-10-20 23:49:21,71.0357,27.8492,34.14,58,100,25.03
51,Ushuaia,AR,2021-10-20 23:42:53,-54.8,-68.3,49.66,40,20,11.5
52,Sumter,US,2021-10-20 23:49:22,28.7086,-82.0831,77.11,69,90,9.8
53,Arraial Do Cabo,BR,2021-10-20 23:48:12,-22.9661,-42.0278,62.56,94,75,0.0
54,Krasnovishersk,RU,2021-10-20 23:49:23,60.4078,57.082,27.7,93,69,2.84
55,Kodiak,US,2021-10-20 23:47:29,57.79,-152.4072,44.11,81,90,9.22
56,Payo,ID,2021-10-20 23:47:42,-3.7508,103.6372,73.99,96,100,1.03
57,Berdigestyakh,RU,2021-10-20 23:49:24,62.0989,126.6992,29.19,86,99,8.32
58,Dikson,RU,2021-10-20 23:47:35,73.5069,80.5464,27.97,57,91,11.54
59,Lavrentiya,RU,2021-10-20 23:49:25,65.5833,-171.0,32.76,99,100,4.25
60,Lagoa,PT,2021-10-20 23:49:25,39.05,-27.9833,68.56,62,36,2.57
61,Hermanus,ZA,2021-10-20 23:46:59,-34.4187,19.2345,61.81,84,88,4.32
62,Bengkulu,ID,2021-10-20 23:46:57,-3.8004,102.2655,76.23,87,86,2.71
63,Tuktoyaktuk,CA,2021-10-20 23:49:26,69.4541,-133.0374,26.6,86,75,5.75
64,Port Blair,IN,2021-10-20 23:49:27,11.6667,92.75,77.04,88,40,0.0
65,Fairbanks,US,2021-10-20 23:45:57,64.8378,-147.7164,39.2,63,40,5.75
66,Zeya,RU,2021-10-20 23:49:28,53.75,127.2667,35.6,65,81,4.07
67,Saint George,US,2021-10-20 23:47:07,37.1041,-113.5841,71.94,25,1,3.0
68,Kenai,US,2021-10-20 23:49:29,60.5544,-151.2583,45.09,81,90,11.5
69,Puerto Ayora,EC,2021-10-20 23:47:09,-0.7393,-90.3518,70.12,87,100,8.12
70,Kapaa,US,2021-10-20 23:46:57,22.0752,-159.319,84.18,65,1,4.0
71,Tual,ID,2021-10-20 23:49:31,-5.6667,132.75,82.83,75,90,2.3
72,Mareeba,AU,2021-10-20 23:48:30,-17.0,145.4333,86.32,68,12,3.89
73,Santa Lucia,ES,2021-10-20 23:49:31,27.9117,-15.5407,65.12,86,20,18.41
74,La Motte-Servolex,FR,2021-10-20 23:49:32,45.5942,5.8758,64.45,63,23,11.5
75,Bredasdorp,ZA,2021-10-20 23:47:19,-34.5322,20.0403,61.29,98,82,5.84
76,Cape Town,ZA,2021-10-20 23:44:53,-33.9258,18.4232,62.1,76,0,3.0
77,Iqaluit,CA,2021-10-20 23:47:20,63.7506,-68.5145,31.73,80,90,4.0
78,Dong Hoi,VN,2021-10-20 23:45:36,17.4833,106.6,78.13,86,71,3.06
79,Kamenka,RU,2021-10-20 23:47:07,51.3223,42.7678,36.37,61,94,12.82
80,Noshiro,JP,2021-10-20 23:49:34,40.2039,140.0242,47.34,59,91,17.56
81,Port Alfred,ZA,2021-10-20 23:48:02,-33.5906,26.891,62.55,84,34,13.65
82,Kahului,US,2021-10-20 23:48:13,20.8947,-156.47,84.22,64,20,18.41
83,Georgetown,MY,2021-10-20 23:48:10,5.4112,100.3354,76.93,94,40,5.01
84,Batemans Bay,AU,2021-10-20 23:49:35,-35.7167,150.1833,71.2,75,94,5.19
85,Lorengau,PG,2021-10-20 23:47:25,-2.0226,147.2712,84.61,70,73,7.9
86,Dingle,PH,2021-10-20 23:47:30,10.9995,122.6711,81.23,85,70,5.53
87,Shingu,JP,2021-10-20 23:48:09,33.7333,135.9833,58.19,56,100,4.85
88,Pevek,RU,2021-10-20 23:49:36,69.7008,170.3133,18.27,92,100,13.09
89,Ostrovnoy,RU,2021-10-20 23:47:28,68.0531,39.5131,31.73,72,100,16.64
90,Busselton,AU,2021-10-20 23:47:09,-33.65,115.3333,60.04,68,93,15.61
91,Yellowknife,CA,2021-10-20 23:47:06,62.456,-114.3525,43.32,76,20,12.66
92,Qaanaaq,GL,2021-10-20 23:47:02,77.484,-69.3632,11.77,94,80,3.33
93,Bambous Virieux,MU,2021-10-20 23:47:10,-20.3428,57.7575,72.21,83,40,5.75
94,Ahipara,NZ,2021-10-20 23:49:38,-35.1667,173.1667,61.7,92,100,9.89
95,Ilulissat,GL,2021-10-20 23:47:36,69.2167,-51.1,26.62,68,100,2.3
96,Leticia,CO,2021-10-20 23:49:39,-4.2153,-69.9406,75.25,94,75,4.61
97,Tiksi,RU,2021-10-20 23:49:40,71.6872,128.8694,11.37,94,100,5.46
98,Geraldton,AU,2021-10-20 23:47:49,-28.7667,114.6,66.61,72,52,12.66
99,Portland,US,2021-10-20 23:49:00,45.5234,-122.6762,63.18,69,75,1.99
100,Calama,CL,2021-10-20 23:49:41,-22.4667,-68.9333,64.89,12,0,17.27
101,Jalu,LY,2021-10-20 23:47:33,29.0331,21.5482,69.98,47,9,8.19
102,Aksu,CN,2021-10-20 23:49:42,41.1231,80.2644,49.8,31,66,2.3
103,Carnarvon,AU,2021-10-20 23:44:10,-24.8667,113.6333,68.07,64,90,11.5
104,Talcahuano,CL,2021-10-20 23:45:24,-36.7167,-73.1167,55.08,88,90,4.61
105,Karaton,ID,2021-10-20 23:49:43,-6.3424,106.1045,82.96,85,95,1.97
106,Gayny,RU,2021-10-20 23:49:43,60.3071,54.3241,26.31,93,21,3.24
107,Zheleznodorozhnyy,RU,2021-10-20 23:49:44,55.7503,38.0042,45.21,91,100,15.17
108,Zykovo,RU,2021-10-20 23:49:44,55.9519,93.1461,23.74,73,87,4.63
109,Salamiyah,SY,2021-10-20 23:49:45,35.0113,37.0532,61.03,77,0,4.65
110,Santa Maria Del Oro,MX,2021-10-20 23:48:27,25.9333,-105.3667,73.11,42,42,3.87
111,Upernavik,GL,2021-10-20 23:47:26,72.7868,-56.1549,32.61,99,100,10.36
112,Nikolskoye,RU,2021-10-20 23:48:19,59.7035,30.7861,54.88,92,100,14.05
113,Mandurah,AU,2021-10-20 23:49:46,-32.55,115.7,65.91,64,48,18.75
114,Providencia,MX,2021-10-20 23:49:47,28.7167,-111.5833,89.65,49,88,8.99
115,Kattivakkam,IN,2021-10-20 23:49:47,13.2167,80.3167,80.69,78,58,0.49
116,Punta Arenas,CL,2021-10-20 23:47:15,-53.15,-70.9167,48.31,53,20,12.66
117,Airai,TL,2021-10-20 23:47:27,-8.9266,125.4092,74.46,43,93,1.61
118,Najran,SA,2021-10-20 23:49:49,17.4924,44.1277,66.85,31,8,3.18
119,Ulladulla,AU,2021-10-20 23:49:49,-35.35,150.4667,65.77,77,78,3.89
120,Sao Jose Da Coroa Grande,BR,2021-10-20 23:49:50,-8.8978,-35.1478,77.2,85,12,8.57
121,Mahebourg,MU,2021-10-20 23:47:01,-20.4081,57.7,72.25,83,40,5.75
122,Houma,US,2021-10-20 23:49:51,29.5958,-90.7195,79.0,87,75,6.91
123,Norilsk,RU,2021-10-20 23:49:51,69.3535,88.2027,25.32,94,97,13.96
124,Eureka,US,2021-10-20 23:48:00,40.8021,-124.1637,64.2,69,100,7.0
125,Tasiilaq,GL,2021-10-20 23:49:52,65.6145,-37.6368,32.81,43,66,10.27
126,Pisco,PE,2021-10-20 23:49:35,-13.7,-76.2167,62.65,77,0,19.57
127,Klaksvik,FO,2021-10-20 23:47:21,62.2266,-6.589,41.92,67,85,34.65
128,Massakory,TD,2021-10-20 23:49:53,12.996,15.7293,84.15,52,100,10.47
129,Tiarei,PF,2021-10-20 23:49:54,-17.5333,-149.3333,80.62,78,77,10.67
130,Aklavik,CA,2021-10-20 23:48:36,68.2191,-135.0107,27.43,82,99,7.23
131,Hasaki,JP,2021-10-20 23:49:54,35.7333,140.8333,57.6,53,98,14.29
132,Suhbaatar,MN,2021-10-20 23:49:55,50.2314,106.2078,30.36,71,0,3.04
133,Nikolayevsk-Na-Amure,RU,2021-10-20 23:49:55,53.1406,140.73,30.7,69,15,3.94
134,Maunabo,PR,2021-10-20 23:49:56,18.0072,-65.8993,83.43,90,33,7.56
135,Calapi,PH,2021-10-20 23:49:56,11.9435,125.0206,80.17,85,78,2.04
136,Khatanga,RU,2021-10-20 23:47:05,71.9667,102.5,24.58,97,100,4.76
137,Jamestown,US,2021-10-20 23:45:39,42.097,-79.2353,63.72,63,20,8.05
138,Constitucion,CL,2021-10-20 23:47:00,-35.3333,-72.4167,51.93,88,16,3.47
139,Yacuiba,BO,2021-10-20 23:49:58,-22.038,-63.6797,70.03,39,27,2.95
140,Talara,PE,2021-10-20 23:49:58,-4.5772,-81.2719,65.16,82,40,13.8
141,Valdepenas,ES,2021-10-20 23:49:59,38.7621,-3.3848,64.02,59,56,4.72
142,Saldanha,ZA,2021-10-20 23:48:15,-33.0117,17.9442,59.05,90,71,21.65
143,Yumen,CN,2021-10-20 23:47:40,40.2833,97.2,37.6,31,38,7.0
144,Spring Valley,US,2021-10-20 23:50:00,36.108,-115.245,74.14,22,75,1.01
145,Kita,ML,2021-10-20 23:50:01,13.0349,-9.4895,74.44,82,94,1.61
146,Ribeira Grande,PT,2021-10-20 23:47:31,38.5167,-28.7,70.16,62,72,2.93
147,Stege,DK,2021-10-20 23:50:02,54.987,12.2846,57.06,85,55,26.69
148,Cidreira,BR,2021-10-20 23:50:02,-30.1811,-50.2056,63.19,69,93,16.75
149,Tambilil,PH,2021-10-20 23:50:03,5.9622,124.6697,84.29,69,100,2.82
150,Mount Isa,AU,2021-10-20 23:48:15,-20.7333,139.5,83.97,32,74,20.71
151,Fortuna,US,2021-10-20 23:48:32,40.5982,-124.1573,65.19,70,40,4.0
152,Kruisfontein,ZA,2021-10-20 23:50:05,-34.0033,24.7314,61.83,64,57,3.38
153,Saint-Francois,FR,2021-10-20 23:50:06,46.4154,3.9054,63.48,96,75,8.05
154,Vuktyl,RU,2021-10-20 23:50:06,63.8567,57.3094,29.05,92,89,4.52
155,Ayni,TJ,2021-10-20 23:50:07,39.3941,68.5377,54.68,38,85,5.03
156,Komsomolets,KZ,2021-10-20 23:50:07,53.7453,62.0708,33.01,96,100,18.43
157,Shakawe,BW,2021-10-20 23:50:08,-18.3667,21.85,74.16,48,93,4.81
158,Cherskiy,RU,2021-10-20 23:47:34,68.75,161.3,-3.33,100,100,5.37
159,Tarancon,ES,2021-10-20 23:50:08,40.0085,-3.0073,62.49,70,33,7.09
160,Humaita,BR,2021-10-20 23:50:09,-7.5061,-63.0208,81.03,67,97,1.63
161,Patancheru,IN,2021-10-20 23:50:10,17.5314,78.265,74.26,75,95,6.44
162,Mackay,AU,2021-10-20 23:50:10,-21.15,149.2,82.38,69,75,16.11
163,Champerico,GT,2021-10-20 23:48:37,14.3,-91.9167,84.34,84,100,6.29
164,Barquisimeto,VE,2021-10-20 23:50:11,10.0739,-69.3228,77.63,78,56,5.75
165,Merke,KZ,2021-10-20 23:50:11,42.8728,73.1786,54.75,42,69,7.25
166,Constantine,DZ,2021-10-20 23:50:12,36.365,6.6147,56.61,54,0,2.3
167,Saint-Augustin,CA,2021-10-20 23:49:54,51.226,-58.6502,45.1,85,100,13.96
168,Wanning,CN,2021-10-20 23:47:13,18.8003,110.3967,78.8,89,79,1.95
169,Oussouye,SN,2021-10-20 23:50:13,12.485,-16.5469,82.49,80,61,5.97
170,Kibala,TD,2021-10-20 23:50:14,9.1104,18.3463,76.95,83,0,0.0
171,Okato,NZ,2021-10-20 23:50:14,-39.2,173.8833,64.42,72,98,1.48
172,Ancud,CL,2021-10-20 23:48:47,-41.8697,-73.8203,53.13,90,100,9.4
173,San Quintin,MX,2021-10-20 23:50:15,30.4833,-115.95,65.66,71,3,11.68
174,Chuy,UY,2021-10-20 23:50:16,-33.6971,-53.4616,55.98,75,48,7.92
175,Chapais,CA,2021-10-20 23:47:59,49.7834,-74.8492,38.98,96,100,8.14
176,La Ronge,CA,2021-10-20 23:50:17,55.1001,-105.2842,43.05,49,40,6.91
177,Vostok,RU,2021-10-20 23:48:39,46.4856,135.8833,28.09,53,4,1.83
178,Amga,RU,2021-10-20 23:50:17,60.8953,131.9608,24.87,86,100,7.02
179,Lompoc,US,2021-10-20 23:48:52,34.6391,-120.4579,73.69,63,1,13.8
180,Faanui,PF,2021-10-20 23:47:41,-16.4833,-151.75,78.51,80,27,6.8
181,Povenets,RU,2021-10-20 23:50:18,62.8487,34.8262,35.67,98,100,16.75
182,Skjervoy,NO,2021-10-20 23:50:19,70.0311,20.9714,32.14,77,100,24.81
183,Baykit,RU,2021-10-20 23:50:20,61.67,96.37,34.7,91,100,3.89
184,Norman Wells,CA,2021-10-20 23:47:13,65.282,-126.8329,37.44,65,75,10.36
185,Ust-Nera,RU,2021-10-20 23:50:20,64.5667,143.2,6.51,91,99,2.28
186,Savonlinna,FI,2021-10-20 23:50:21,61.8699,28.88,49.24,100,90,8.05
187,Kavaratti,IN,2021-10-20 23:50:21,10.5669,72.642,82.0,73,100,10.65
188,Krasnokamensk,RU,2021-10-20 23:50:22,50.0979,118.0369,22.84,88,10,3.49
189,Straumen,NO,2021-10-20 23:50:23,63.8709,11.2999,44.6,81,100,10.16
190,Padang,ID,2021-10-20 23:47:52,-0.9492,100.3543,73.45,88,95,2.93
191,Aswan,EG,2021-10-20 23:50:24,24.0934,32.907,76.3,29,0,16.11
192,Odessa,UA,2021-10-20 23:50:24,46.4775,30.7326,53.53,87,0,15.66
193,Chokurdakh,RU,2021-10-20 23:47:51,70.6333,147.9167,-15.03,95,90,3.13
194,Yenagoa,NG,2021-10-20 23:50:25,4.9247,6.2642,75.16,94,100,3.04
195,Chitapur,IN,2021-10-20 23:50:26,17.1167,77.0833,70.57,78,97,7.0
196,Prince Rupert,CA,2021-10-20 23:50:18,54.3161,-130.3201,49.69,90,90,8.05
197,Vila Franca Do Campo,PT,2021-10-20 23:47:39,37.7167,-25.4333,61.21,73,44,1.92
198,Bosobolo,CD,2021-10-20 23:50:27,4.1833,19.9,70.09,98,100,1.01
199,Longyearbyen,SJ,2021-10-20 23:48:05,78.2186,15.6401,13.84,62,0,6.91
200,Soyo,AO,2021-10-20 23:50:28,-6.1349,12.3689,75.33,84,56,5.23
201,Laguna,US,2021-10-20 23:49:41,38.421,-121.4238,70.47,42,75,0.0
202,Flinders,AU,2021-10-20 23:50:29,-34.5833,150.8552,70.81,71,41,4.0
203,Lensk,RU,2021-10-20 23:50:29,60.7253,114.9278,36.54,97,100,11.68
204,Samagaltay,RU,2021-10-20 23:50:30,50.6022,95.0047,27.88,51,0,1.97
205,Banda Aceh,ID,2021-10-20 23:50:30,5.5577,95.3222,78.48,79,98,4.21
206,Alofi,NU,2021-10-20 23:48:48,-19.0595,-169.9187,80.49,61,65,18.41
207,Kaeo,NZ,2021-10-20 23:50:31,-35.1,173.7833,60.33,97,100,8.3
208,Storm Lake,US,2021-10-20 23:50:31,42.6411,-95.2097,46.29,100,90,28.77
209,Manadhoo,MV,2021-10-20 23:50:32,5.7667,73.3833,81.63,72,90,10.78
210,Port Elizabeth,ZA,2021-10-20 23:47:33,-33.918,25.5701,61.09,94,0,3.44
211,Phangnga,TH,2021-10-20 23:50:33,8.4509,98.5298,83.91,93,85,0.25
212,Ugoofaaru,MV,2021-10-20 23:50:33,5.6667,73.0,82.02,70,85,11.12
213,Poya,NC,2021-10-20 23:50:34,-21.35,165.15,68.16,94,100,3.15
214,Kodinsk,RU,2021-10-20 23:50:34,58.6881,99.1844,32.76,91,76,4.56
215,Svetlogorsk,BY,2021-10-20 23:50:21,52.6333,29.7333,52.86,63,100,16.13
216,Thongwa,MM,2021-10-20 23:50:35,16.7619,96.5278,77.16,93,92,2.28
217,Galesong,ID,2021-10-20 23:50:36,-5.3166,119.3661,80.62,68,98,4.03
218,Richards Bay,ZA,2021-10-20 23:48:20,-28.783,32.0377,62.44,72,0,10.42
219,Coquimbo,CL,2021-10-20 23:50:36,-29.9533,-71.3436,56.93,82,20,10.36
220,Jiwani,PK,2021-10-20 23:50:37,25.05,61.7417,78.49,75,7,6.4
221,Katsuura,JP,2021-10-20 23:47:44,35.1333,140.3,63.19,59,100,10.0
222,Inhambane,MZ,2021-10-20 23:49:57,-23.865,35.3833,65.64,73,0,5.08
223,Tizapan El Alto,MX,2021-10-20 23:50:38,20.1667,-103.0667,73.13,62,14,4.81
224,Copiapo,CL,2021-10-20 23:47:53,-27.3667,-70.3333,55.09,54,0,3.87
225,Krasne,UA,2021-10-20 23:50:39,49.9145,24.6134,52.95,56,95,9.71
226,Mar Del Plata,AR,2021-10-20 23:48:32,-38.0023,-57.5575,62.1,43,0,1.99
227,San Cristobal,VE,2021-10-20 23:49:33,7.7669,-72.225,71.78,90,25,2.01
228,Beisfjord,NO,2021-10-20 23:50:40,68.3751,17.5988,31.96,85,100,9.15
229,Kapoeta,SS,2021-10-20 23:50:31,4.7717,33.5903,81.91,46,69,7.61
230,Imbituba,BR,2021-10-20 23:50:41,-28.24,-48.6703,65.82,74,100,7.67
231,Boende,CD,2021-10-20 23:48:36,-0.2167,20.8667,69.44,99,100,1.88
232,Urumqi,CN,2021-10-20 23:47:41,43.801,87.6005,41.95,49,0,4.47
233,Matamoros,MX,2021-10-20 23:50:43,25.5333,-103.25,83.5,33,0,5.7
234,Torbay,CA,2021-10-20 23:50:43,47.6666,-52.7314,48.97,96,90,10.36
235,Salalah,OM,2021-10-20 23:48:29,17.0151,54.0924,77.09,78,75,3.44
236,Semenivka,UA,2021-10-20 23:50:44,52.1783,32.5818,52.07,60,100,16.78
237,San Carlos De Bariloche,AR,2021-10-20 23:46:54,-41.1456,-71.3082,56.95,51,75,20.71
238,Ishigaki,JP,2021-10-20 23:50:45,24.3448,124.1572,75.33,100,75,3.44
239,Nianzishan,CN,2021-10-20 23:50:45,47.5167,122.8833,37.87,52,99,2.51
240,Rio Grande,BR,2021-10-20 23:46:26,-32.035,-52.0986,60.03,66,20,12.86
241,Uvira,CD,2021-10-20 23:50:46,-3.4067,29.1458,73.22,80,99,5.08
242,Komsomolskoye,RU,2021-10-20 23:50:47,55.2567,47.5461,33.39,70,93,10.83
243,Krasnyy Chikoy,RU,2021-10-20 23:50:47,50.3643,108.7512,26.19,88,12,2.62
244,Gold Coast,AU,2021-10-20 23:47:25,-28.0,153.4333,78.28,84,90,1.01
245,Clyde River,CA,2021-10-20 23:48:24,70.4692,-68.5914,28.63,86,40,11.5
246,Kvarkeno,RU,2021-10-20 23:50:49,52.0833,59.725,34.34,70,99,15.23
247,Darnah,LY,2021-10-20 23:50:49,32.767,22.6367,67.19,74,36,9.82
248,Kurchum,KZ,2021-10-20 23:50:50,48.5722,83.6542,45.88,35,44,5.79
249,Olafsvik,IS,2021-10-20 23:48:54,64.8945,-23.7142,43.45,76,95,22.93
250,Souillac,MU,2021-10-20 23:47:12,-20.5167,57.5167,72.36,83,40,5.75
251,Nizwa,OM,2021-10-20 23:50:51,22.9333,57.5333,73.62,61,53,0.34
252,Tandil,AR,2021-10-20 23:50:51,-37.3217,-59.1332,55.2,91,2,7.25
253,Nemuro,JP,2021-10-20 23:50:52,43.3236,145.575,48.63,66,100,14.83
254,Avarua,CK,2021-10-20 23:47:52,-21.2078,-159.775,77.05,65,75,9.22
255,Alta Floresta,BR,2021-10-20 23:50:53,-9.8756,-56.0861,82.22,78,20,1.14
256,The Valley,AI,2021-10-20 23:50:53,18.217,-63.0578,82.54,83,40,9.22
257,Fairlie,GB,2021-10-20 23:50:54,55.756,-4.8556,40.23,60,87,17.18
258,Maceio,BR,2021-10-20 23:50:54,-9.6658,-35.7353,80.04,89,20,8.05
259,Faya,SA,2021-10-20 23:47:47,18.3851,42.4509,59.11,29,3,6.64
260,Marzuq,YE,2021-10-20 23:48:34,14.4,46.4667,72.73,56,80,1.59
261,Kirkwall,GB,2021-10-20 23:50:55,58.9848,-2.9587,44.94,81,75,34.52
262,Belmonte,BR,2021-10-20 23:50:50,-15.8631,-38.8828,79.3,90,75,2.53
263,Athens,GR,2021-10-20 23:50:51,37.9795,23.7162,61.16,72,0,1.01
264,Almaznyy,RU,2021-10-20 23:50:56,48.0448,40.045,35.74,49,61,9.31
265,Slave Lake,CA,2021-10-20 23:50:58,55.2834,-114.769,55.38,33,1,14.97
266,Nanortalik,GL,2021-10-20 23:48:58,60.1432,-45.2371,36.88,59,0,6.11
267,Tuatapere,NZ,2021-10-20 23:48:31,-46.1333,167.6833,54.0,53,82,4.21
268,Matay,EG,2021-10-20 23:50:59,28.419,30.7792,66.9,66,23,13.71
269,Lebu,CL,2021-10-20 23:47:25,-37.6167,-73.65,53.82,85,82,6.22
270,La Plaine,DM,2021-10-20 23:50:59,15.3333,-61.25,80.31,79,29,13.29
271,Puerto Carreno,CO,2021-10-20 23:51:00,6.189,-67.4859,75.87,90,100,6.15
272,Conde,BR,2021-10-20 23:51:00,-7.2597,-34.9075,80.06,83,40,8.05
273,Sun City West,US,2021-10-20 23:49:25,33.662,-112.3413,86.61,25,1,3.0
274,Anderson,US,2021-10-20 23:46:12,34.5334,-82.6499,67.98,79,1,1.01
275,Sao Filipe,CV,2021-10-20 23:51:01,14.8961,-24.4956,82.27,58,0,8.99
276,Exaplatanos,GR,2021-10-20 23:51:02,40.9772,22.125,56.79,53,24,2.01
277,Brigantine,US,2021-10-20 23:47:21,39.4101,-74.3646,68.2,69,1,4.61
278,Chik,RU,2021-10-20 23:51:03,54.9928,82.4311,37.18,75,0,6.71
279,Singaraja,ID,2021-10-20 23:51:04,-8.112,115.0882,81.97,70,99,0.98
280,Cabedelo,BR,2021-10-20 23:51:04,-6.9811,-34.8339,81.27,80,13,10.18
281,Qarchi Gak,AF,2021-10-20 23:51:05,37.04,66.7889,53.69,14,100,12.12
282,Lamu,KE,2021-10-20 23:51:05,-2.2717,40.902,77.22,82,88,12.15
283,Nouadhibou,MR,2021-10-20 23:51:06,20.931,-17.0347,76.98,53,0,14.97
284,Ringebu,NO,2021-10-20 23:51:06,61.5167,10.1667,35.55,98,69,5.03
285,Luba,GQ,2021-10-20 23:51:07,3.4568,8.5547,78.87,80,99,2.44
286,Luis Correia,BR,2021-10-20 23:51:07,-2.8792,-41.6669,79.45,81,88,8.7
287,San Angelo,US,2021-10-20 23:50:53,31.4638,-100.437,79.32,63,1,3.0
288,Sidi Ali,DZ,2021-10-20 23:51:08,36.0998,0.4206,67.89,47,10,6.08
289,Lower Burrell,US,2021-10-20 23:51:09,40.5531,-79.7573,63.91,73,10,5.28
290,Ludvika,SE,2021-10-20 23:51:10,60.1496,15.1878,50.34,76,82,15.64
291,Mitsamiouli,KM,2021-10-20 23:51:11,-11.3847,43.2844,75.99,78,91,0.38
292,Vao,NC,2021-10-20 23:51:12,-22.6667,167.4833,70.43,94,100,14.94
293,Esperance,AU,2021-10-20 23:51:13,-33.8667,121.9,60.64,65,8,19.08
294,Aloleng,PH,2021-10-20 23:51:13,16.1307,119.7824,81.59,80,81,6.31
295,Mattru,SL,2021-10-20 23:51:14,7.6244,-11.8332,73.63,98,100,2.35
296,Bac Lieu,VN,2021-10-20 23:51:15,9.285,105.7244,76.23,92,100,6.53
297,Luwuk,ID,2021-10-20 23:51:15,-0.9516,122.7875,84.52,64,86,2.77
298,Mao,ES,2021-10-20 23:51:16,39.8885,4.2658,64.96,88,0,8.05
299,Hobyo,SO,2021-10-20 23:47:34,5.3505,48.5268,78.21,80,49,14.34
300,Valenca,BR,2021-10-20 23:51:17,-13.3703,-39.0731,74.84,94,42,1.45
301,Riyadh,SA,2021-10-20 23:50:02,24.6877,46.7219,73.54,24,0,5.55
302,Nakhon Phanom,TH,2021-10-20 23:51:18,17.3333,104.4167,76.03,86,84,1.48
303,San Patricio,US,2021-10-20 23:51:19,28.017,-97.5169,84.92,65,22,9.22
304,Emerald,AU,2021-10-20 23:51:19,-23.5333,148.1667,81.34,65,75,6.91
305,Mount Gambier,AU,2021-10-20 23:51:20,-37.8333,140.7667,64.31,77,75,12.66
306,Pauini,BR,2021-10-20 23:47:05,-7.7136,-66.9764,73.72,97,86,1.86
307,Pangnirtung,CA,2021-10-20 23:48:25,66.1451,-65.7125,28.26,79,10,4.65
308,Beringovskiy,RU,2021-10-20 23:51:21,63.05,179.3167,18.52,73,50,4.38
309,Conakry,GN,2021-10-20 23:51:21,9.538,-13.6773,78.37,81,100,7.65
310,Umea,SE,2021-10-20 23:47:48,63.8284,20.2597,37.33,93,40,5.75
311,Leningradskiy,RU,2021-10-20 23:48:28,69.3833,178.4167,26.15,96,100,15.82
312,Lazaro Cardenas,MX,2021-10-20 23:47:15,17.9583,-102.2,81.9,82,95,3.6
313,Boone,US,2021-10-20 23:50:53,39.0334,-92.3335,70.05,81,94,5.99
314,Gat,IL,2021-10-20 23:51:24,31.61,34.7642,68.68,100,35,2.17
315,Charters Towers,AU,2021-10-20 23:51:24,-20.1,146.2667,88.43,37,83,11.92
316,Port Hardy,CA,2021-10-20 23:48:29,50.6996,-127.4199,53.78,94,75,3.44
317,Mananjary,MG,2021-10-20 23:51:25,-21.2167,48.3333,70.63,88,67,8.12
318,Gunzburg,DE,2021-10-20 23:51:26,48.45,10.2667,59.74,82,80,6.96
319,Saskylakh,RU,2021-10-20 23:49:34,71.9167,114.0833,12.04,96,100,5.37
320,Narsaq,GL,2021-10-20 23:47:14,60.9167,-46.05,28.62,36,0,5.12
321,Husavik,IS,2021-10-20 23:47:02,66.0449,-17.3389,24.71,71,68,14.54
322,Snyder,US,2021-10-20 23:51:27,32.7179,-100.9176,82.74,32,1,3.44
323,Namibe,AO,2021-10-20 23:47:18,-15.1961,12.1522,65.62,91,38,10.67
324,Catio,GW,2021-10-20 23:51:28,11.2833,-15.25,79.29,84,100,5.75
325,Burlington,US,2021-10-20 23:51:18,39.8835,-74.6413,69.76,72,1,3.44
326,Hithadhoo,MV,2021-10-20 23:47:50,-0.6,73.0833,81.19,76,100,10.4
327,Netarhat,IN,2021-10-20 23:51:30,23.4833,84.2667,58.91,81,63,4.27
328,Arona,ES,2021-10-20 23:51:30,28.0996,-16.681,69.89,49,20,12.66
329,Tabuk,PH,2021-10-20 23:51:31,17.4189,121.4443,77.29,88,39,2.37
330,Shizunai,JP,2021-10-20 23:51:31,42.3339,142.3669,46.06,88,100,12.39
331,Farah,AF,2021-10-20 23:51:32,32.5,62.5,65.23,14,1,1.63
332,Codrington,AU,2021-10-20 23:48:21,-38.2667,141.9667,69.39,59,45,16.78
333,Takhtamygda,RU,2021-10-20 23:51:33,54.1,123.5667,32.56,61,66,1.9
334,Victoria,HK,2021-10-20 23:45:53,22.2855,114.1577,80.33,84,89,1.01
335,Iskateley,RU,2021-10-20 23:51:10,67.6803,53.1512,28.35,76,53,8.88
336,Swan Hill,AU,2021-10-20 23:51:34,-35.3378,143.5544,74.17,38,84,14.58
337,Radford,US,2021-10-20 23:51:35,37.1318,-80.5764,61.09,70,1,6.91
338,Candolim,IN,2021-10-20 23:51:35,15.5181,73.7626,78.8,94,40,4.61
339,Kieta,PG,2021-10-20 23:48:27,-6.2167,155.6333,85.71,68,90,3.69
340,Belaya Gora,RU,2021-10-20 23:51:36,68.5333,146.4167,-5.12,89,66,2.39
341,Stoke-On-Trent,GB,2021-10-20 23:48:08,53.0042,-2.1854,48.33,97,79,1.01
342,Mount Pleasant,US,2021-10-20 23:51:37,32.7941,-79.8626,66.99,78,1,0.0
343,Kasongo-Lunda,CD,2021-10-20 23:51:37,-6.4667,16.8167,69.15,99,100,0.83
344,Hirara,JP,2021-10-20 23:51:38,24.8,125.2833,77.27,94,75,4.61
345,Manacapuru,BR,2021-10-20 23:51:38,-3.2997,-60.6206,77.58,73,86,1.5
346,Ponta Delgada,PT,2021-10-20 23:51:39,37.7333,-25.6667,61.52,82,20,5.75
347,Nichinan,JP,2021-10-20 23:51:39,31.6,131.3667,60.48,71,100,9.71
348,Norsup,VU,2021-10-20 23:51:40,-16.0667,167.3833,81.52,80,99,13.49
349,Zyryanka,RU,2021-10-20 23:51:40,65.75,150.85,2.05,75,47,5.88
350,Witu,KE,2021-10-20 23:51:41,-2.3889,40.4382,77.16,84,91,9.26
351,Necochea,AR,2021-10-20 23:51:42,-38.5473,-58.7368,59.04,88,2,10.94
352,Zhigansk,RU,2021-10-20 23:51:42,66.7697,123.3711,20.5,92,89,9.66
353,Orsha,BY,2021-10-20 23:51:43,54.5153,30.4053,49.3,80,100,19.06
354,Eirunepe,BR,2021-10-20 23:51:43,-6.6603,-69.8736,73.47,97,82,2.62
355,Knysna,ZA,2021-10-20 23:51:44,-34.0363,23.0471,59.38,51,87,4.47
356,Port-Gentil,GA,2021-10-20 23:51:44,-0.7193,8.7815,78.76,89,90,4.61
357,Yar-Sale,RU,2021-10-20 23:51:45,66.8333,70.8333,28.09,86,69,6.51
358,Matara,LK,2021-10-20 23:51:45,5.9485,80.5353,77.2,88,95,5.03
359,Oistins,BB,2021-10-20 23:48:03,13.0667,-59.5333,82.49,78,40,21.85
360,Klyuchi,RU,2021-10-20 23:51:46,52.2667,79.1667,44.02,49,98,8.63
361,Grand Gaube,MU,2021-10-20 23:48:35,-20.0064,57.6608,72.37,76,56,5.01
362,Muros,ES,2021-10-20 23:51:47,42.7762,-9.0603,61.23,95,76,4.81
363,Aljezur,PT,2021-10-20 23:51:47,37.3191,-8.8033,63.01,92,8,9.78
364,Plouzane,FR,2021-10-20 23:51:48,48.3833,-4.6167,53.92,79,75,17.27
365,Dharchula,IN,2021-10-20 23:51:48,29.85,80.5333,59.83,73,3,6.44
366,Grindavik,IS,2021-10-20 23:51:02,63.8424,-22.4338,43.27,75,75,18.41
367,Ixtapa,MX,2021-10-20 23:51:49,20.7,-105.2,80.92,92,34,2.35
368,Barrow,US,2021-10-20 23:47:04,71.2906,-156.7887,28.42,86,90,21.85
369,Arroyo,ES,2021-10-20 23:51:50,41.6096,-4.7969,57.15,77,0,10.36
370,Seymchan,RU,2021-10-20 23:48:26,62.8833,152.4333,0.55,60,10,2.86
371,Cozumel,MX,2021-10-20 23:51:51,20.5083,-86.9458,79.0,93,100,4.0
372,Hervey Bay,AU,2021-10-20 23:51:51,-25.2986,152.8535,82.04,68,6,8.95
373,Ust-Tsilma,RU,2021-10-20 23:51:52,65.441,52.1498,29.73,87,81,4.05
374,Nadym,RU,2021-10-20 23:51:52,65.5333,72.5167,30.72,77,100,4.36
375,Bainbridge,US,2021-10-20 23:51:53,47.6262,-122.5212,60.66,70,75,4.0
376,Ngunguru,NZ,2021-10-20 23:51:53,-35.6167,174.5,60.17,96,100,20.0
377,Nantucket,US,2021-10-20 23:49:00,41.2835,-70.0995,63.09,84,1,3.44
378,Barstow,US,2021-10-20 23:51:54,34.8986,-117.0228,77.49,15,26,3.58
379,Indian Trail,US,2021-10-20 23:51:56,35.0768,-80.6692,68.9,55,1,0.0
380,Port Macquarie,AU,2021-10-20 23:51:56,-31.4333,152.9167,69.89,65,81,3.76
381,Nalut,LY,2021-10-20 23:51:56,30.3333,10.85,67.8,53,97,15.61
382,Viransehir,TR,2021-10-20 23:51:57,37.2353,39.7631,62.19,32,0,5.35
383,Meulaboh,ID,2021-10-20 23:49:41,4.1363,96.1285,75.09,89,100,6.46
384,Bandarbeyla,SO,2021-10-20 23:51:58,9.4942,50.8122,76.23,85,35,6.31
385,Takoradi,GH,2021-10-20 23:51:58,4.8845,-1.7554,77.09,90,92,8.95
386,Etchojoa,MX,2021-10-20 23:51:59,26.9167,-109.6333,90.09,52,87,13.31
387,Roquetas De Mar,ES,2021-10-20 23:51:59,36.7642,-2.6148,67.6,80,89,7.45
388,Goure,NE,2021-10-20 23:52:00,13.9835,10.2704,88.02,18,7,5.59
389,Teya,RU,2021-10-20 23:52:00,60.3778,92.6267,34.27,85,65,4.99
390,Ust-Kalmanka,RU,2021-10-20 23:52:01,52.1207,83.305,46.18,38,84,6.98
391,Marsa Matruh,EG,2021-10-20 23:52:01,31.3525,27.2453,70.0,60,0,10.36
392,Balkanabat,TM,2021-10-20 23:52:02,39.5108,54.3671,53.29,50,55,10.4
393,Puerto Maldonado,PE,2021-10-20 23:52:02,-12.6,-69.1833,82.13,52,88,1.25
394,Bereda,ES,2021-10-20 23:52:03,43.2686,-7.5406,57.42,100,96,2.04
395,Abnub,EG,2021-10-20 23:52:04,27.2696,31.1511,68.22,57,21,15.21
396,Bilibino,RU,2021-10-20 23:49:18,68.0546,166.4372,3.92,93,100,2.55
397,Pushkino,RU,2021-10-20 23:52:05,56.0172,37.8667,45.09,92,100,15.48
398,Vaitape,PF,2021-10-20 23:52:06,-16.5167,-151.75,78.94,80,24,8.79
399,Sinjai,ID,2021-10-20 23:52:06,-5.1241,120.253,83.44,70,99,3.27
400,Turbat,PK,2021-10-20 23:52:07,26.0023,63.044,75.02,82,2,2.86
401,Wahpeton,US,2021-10-20 23:52:07,46.2652,-96.6059,43.77,87,100,15.77
402,Linhares,BR,2021-10-20 23:52:08,-19.3911,-40.0722,67.15,87,100,12.24
403,Puerto Gaitan,CO,2021-10-20 23:52:08,4.3133,-72.0816,81.41,74,91,5.97
404,Kutum,SD,2021-10-20 23:52:09,14.2,24.6667,76.44,21,96,14.99
405,Tamandare,BR,2021-10-20 23:52:09,-8.7597,-35.1047,77.45,85,8,8.7
406,Kishangarh,IN,2021-10-20 23:52:10,26.5667,74.8667,69.82,51,0,11.54
407,Vila Velha,BR,2021-10-20 23:48:42,-20.3297,-40.2925,66.15,88,75,9.22
408,Birjand,IR,2021-10-20 23:52:11,32.8663,59.2211,46.87,13,0,6.91
409,Santa Cruz De Tenerife,ES,2021-10-20 23:52:11,28.4682,-16.2546,76.78,51,15,4.0
410,Sarangani,PH,2021-10-20 23:52:12,5.4033,125.4636,82.24,73,100,2.55
411,Tocopilla,CL,2021-10-20 23:51:53,-22.092,-70.1979,63.21,68,20,7.16
412,Avera,US,2021-10-20 23:51:40,33.194,-82.5271,68.72,53,70,4.79
413,Rabaul,PG,2021-10-20 23:52:13,-4.1967,152.1721,83.17,71,90,5.57
414,Suzun,RU,2021-10-20 23:52:13,53.7841,82.3116,40.08,61,79,5.59
415,Marica,BR,2021-10-20 23:52:14,-22.9194,-42.8186,66.85,85,100,5.59
416,Ongandjera,NA,2021-10-20 23:52:14,-17.8833,15.0667,65.62,37,46,9.37
417,Guntakal,IN,2021-10-20 23:52:15,15.1667,77.3833,74.71,76,85,6.42
418,Issoudun,FR,2021-10-20 23:52:15,47.0,1.8333,57.85,72,75,31.07
419,Lichtenburg,ZA,2021-10-20 23:52:16,-26.152,26.1597,56.07,52,63,7.43
420,Benjamin Constant,BR,2021-10-20 23:52:16,-4.3831,-70.0311,75.33,88,0,4.61
421,Ermelo,ZA,2021-10-20 23:52:17,-26.5333,29.9833,50.85,56,57,4.23
422,Bonnyville,CA,2021-10-20 23:52:17,54.2668,-110.735,49.8,28,3,13.67
423,Amapa,BR,2021-10-20 23:52:18,1.0,-52.0,79.81,66,68,4.74
424,Pierre,US,2021-10-20 23:51:39,44.3683,-100.351,40.86,75,90,1.01
425,Druzhba,UA,2021-10-20 23:52:19,52.0428,33.9453,49.86,69,100,18.37
426,Camacha,PT,2021-10-20 23:52:19,33.0833,-16.3333,70.56,83,40,9.22
427,Benghazi,LY,2021-10-20 23:50:36,32.1167,20.0667,69.87,63,42,11.16
428,Khandbari,NP,2021-10-20 23:52:20,27.3747,87.2039,62.51,87,27,2.93
429,Umaria,IN,2021-10-20 23:52:20,23.5333,80.8333,64.85,62,10,5.28
430,Dong Xoai,VN,2021-10-20 23:52:21,11.5333,106.9167,73.89,96,100,2.44
431,Fort Frances,CA,2021-10-20 23:48:42,48.5999,-93.4003,43.02,65,1,1.01
432,Northam,GB,2021-10-20 23:52:22,51.0333,-4.2167,53.65,74,91,25.77
433,El Rosario,MX,2021-10-20 23:52:23,24.2556,-107.1828,87.15,73,0,9.98
434,Abu Dhabi,AE,2021-10-20 23:51:11,24.4667,54.3667,84.31,83,6,2.3
435,Sexsmith,CA,2021-10-20 23:52:23,55.35,-118.786,46.58,93,90,3.44
436,Aykhal,RU,2021-10-20 23:52:24,66.0,111.5,34.88,98,100,19.73
437,Sur,OM,2021-10-20 23:52:25,22.5667,59.5289,77.59,73,79,10.89
438,Walvis Bay,NA,2021-10-20 23:51:36,-22.9575,14.5053,59.95,77,39,5.75
439,Dunedin,NZ,2021-10-20 23:48:26,-45.8742,170.5036,53.8,53,77,5.99
440,Hami,CN,2021-10-20 23:47:38,42.8,93.45,55.83,19,100,8.28
441,Rumford,US,2021-10-20 23:52:26,44.5537,-70.5509,55.0,86,79,0.25
442,Jardim,BR,2021-10-20 23:52:26,-21.4803,-56.1381,70.79,56,3,4.9
443,Elko,US,2021-10-20 23:52:27,41.0002,-115.5012,62.62,28,100,8.01
444,Hualmay,PE,2021-10-20 23:50:49,-11.0964,-77.6139,64.42,84,71,10.8
445,Olinda,BR,2021-10-20 23:50:31,-8.0089,-34.8553,82.13,74,20,8.05
446,Muscle Shoals,US,2021-10-20 23:52:28,34.7448,-87.6675,71.33,76,72,1.01
447,Heerenveen,NL,2021-10-20 23:52:28,52.95,5.9333,56.21,61,40,7.38
448,Komsomolskiy,UZ,2021-10-20 23:47:28,40.4272,71.7189,56.12,44,92,9.22
449,Sorong,ID,2021-10-20 23:49:41,-0.8833,131.25,81.32,79,100,5.46
450,Nakusp,CA,2021-10-20 23:52:29,50.2499,-117.8023,48.47,87,100,1.14
451,Provideniya,RU,2021-10-20 23:52:29,64.3833,-173.3,30.31,74,0,4.47
452,Yeniseysk,RU,2021-10-20 23:52:30,58.4497,92.1703,33.21,87,86,4.68
453,Chilca,PE,2021-10-20 23:47:57,-12.5211,-76.7372,68.61,90,99,10.27
454,Port Huron,US,2021-10-20 23:52:31,42.9709,-82.4249,65.82,70,1,1.01
455,Asyut,EG,2021-10-20 23:48:20,27.181,31.1837,68.18,57,22,15.39
456,Egvekinot,RU,2021-10-20 23:48:24,66.3167,-179.1667,22.64,88,100,5.73
457,Qaqortoq,GL,2021-10-20 23:52:32,60.7167,-46.0333,35.06,37,0,5.35
458,Itaqui,BR,2021-10-20 23:52:32,-29.1253,-56.5531,62.35,68,0,11.03
459,Brae,GB,2021-10-20 23:49:50,60.3964,-1.353,42.71,62,95,33.89
460,Mukhen,RU,2021-10-20 23:52:33,48.1,136.1,33.06,45,44,4.85
461,Karlskoga,SE,2021-10-20 23:52:33,59.3267,14.5239,51.12,86,96,14.97
462,Quatre Cocos,MU,2021-10-20 23:52:34,-20.2078,57.7625,72.09,81,38,8.01
463,Udachnyy,RU,2021-10-20 23:52:34,66.4167,112.4,35.76,99,100,19.42
464,Sungairaya,ID,2021-10-20 23:52:35,0.7,108.9,78.96,83,100,1.86
465,Labuan,MY,2021-10-20 23:52:35,5.2767,115.2417,77.36,94,20,0.0
466,Ruston,US,2021-10-20 23:52:35,32.5232,-92.6379,81.5,83,1,0.0
467,Adrian,US,2021-10-20 23:52:36,41.8975,-84.0372,66.2,55,1,0.0
468,Xudat,AZ,2021-10-20 23:52:36,41.631,48.681,48.67,70,99,6.49
469,Markova,UA,2021-10-20 23:52:37,48.6758,24.4138,46.53,69,85,5.82
470,Stepnyak,KZ,2021-10-20 23:52:37,52.8339,70.7803,45.12,61,100,14.79
471,Nuuk,GL,2021-10-20 23:50:13,64.1835,-51.7216,27.88,100,1,10.0
472,Storforshei,NO,2021-10-20 23:52:38,66.4043,14.5233,33.66,96,100,5.28
473,Anori,BR,2021-10-20 23:52:39,-3.7728,-61.6442,80.47,73,96,1.54
474,Fushun,CN,2021-10-20 23:52:39,41.8558,123.9233,46.56,48,40,2.55
475,Kurilsk,RU,2021-10-20 23:52:39,45.2333,147.8833,43.66,87,100,11.5
476,Moose Factory,CA,2021-10-20 23:52:40,51.2585,-80.6094,37.4,65,90,4.61
477,Treinta Y Tres,UY,2021-10-20 23:52:41,-33.2333,-54.3833,57.99,71,94,10.92
478,Nelson Bay,AU,2021-10-20 23:52:41,-32.7167,152.15,68.76,81,58,3.0
479,Sibolga,ID,2021-10-20 23:52:42,1.7427,98.7792,76.14,83,100,2.73
480,Palu,ID,2021-10-20 23:50:45,-0.8917,119.8707,81.37,86,100,0.83
481,Progreso,MX,2021-10-20 23:52:42,21.2833,-89.6667,78.12,76,89,14.85
482,Port Lincoln,AU,2021-10-20 23:46:05,-34.7333,135.8667,65.1,65,61,11.99
483,Pandan,PH,2021-10-20 23:52:43,14.0453,124.1694,81.23,87,100,8.95
484,Maumere,ID,2021-10-20 23:52:43,-8.6199,122.2111,83.8,71,98,5.23
485,South Saint Paul,US,2021-10-20 23:52:44,44.8927,-93.0349,56.37,93,90,0.0
486,Madras,IN,2021-10-20 23:49:55,13.0878,80.2785,80.58,89,75,0.0
487,Zonguldak,TR,2021-10-20 23:52:44,41.25,31.8333,42.62,80,0,3.8
488,Mosquera,CO,2021-10-20 23:50:29,4.7059,-74.2302,59.09,82,40,6.91
489,Luderitz,NA,2021-10-20 23:52:45,-26.6481,15.1594,55.78,84,43,11.05
490,Kuytun,RU,2021-10-20 23:52:46,54.3419,101.5036,30.72,83,2,7.38
491,Asau,RO,2021-10-20 23:48:11,46.4333,26.4,43.72,72,10,7.52
492,Brigham City,US,2021-10-20 23:52:46,41.5102,-112.0155,60.24,52,1,0.0
493,Mitchell,US,2021-10-20 23:52:47,43.7094,-98.0298,35.74,99,90,4.0
494,Pacifica,US,2021-10-20 23:49:22,37.6138,-122.4869,67.87,82,90,3.0
495,Parana,AR,2021-10-20 23:52:48,-31.732,-60.5238,74.52,62,7,6.38
496,Mponela,MW,2021-10-20 23:52:48,-13.5319,33.7401,62.8,82,82,11.03
497,Dunmore Town,BS,2021-10-20 23:52:49,25.5,-76.65,81.23,62,57,19.08
498,Touros,BR,2021-10-20 23:52:49,-5.1989,-35.4608,81.5,82,96,8.88
499,Sitka,US,2021-10-20 23:47:14,57.0531,-135.33,53.49,58,90,17.27
500,Tupaciguara,BR,2021-10-20 23:52:50,-18.5922,-48.705,70.72,69,79,6.22
501,Paita,PE,2021-10-20 23:48:10,-5.0892,-81.1144,64.96,87,80,13.98
502,Berbera,SO,2021-10-20 23:52:50,10.4396,45.0143,83.34,62,37,5.26
503,Manta,EC,2021-10-20 23:52:51,-0.95,-80.7333,74.98,83,90,6.91
504,Praya,CV,2021-10-20 23:51:40,14.9215,-23.5087,81.14,54,0,19.57
505,Stepnogorsk,KZ,2021-10-20 23:52:52,52.3544,71.8869,47.37,58,100,14.67
506,Marti,CU,2021-10-20 23:52:53,22.9475,-80.9203,77.65,82,88,11.27
507,Wajir,KE,2021-10-20 23:52:53,1.7471,40.0573,77.63,66,90,16.6
508,Puerto Madryn,AR,2021-10-20 23:49:07,-42.7692,-65.0385,67.15,44,21,20.2
509,Los Llanos De Aridane,ES,2021-10-20 23:49:47,28.6585,-17.9182,69.55,83,0,11.5
510,Rawson,AR,2021-10-20 23:50:53,-43.3002,-65.1023,70.2,34,33,31.29
511,Caravelas,BR,2021-10-20 23:47:57,-17.7125,-39.2481,71.37,88,100,15.41
512,Verkhniy Uslon,RU,2021-10-20 23:52:54,55.7701,48.9823,35.82,79,97,6.71
513,Yairipok,IN,2021-10-20 23:52:55,24.6667,94.0667,68.09,98,100,1.59
514,Santa Ines,BR,2021-10-20 23:52:55,-3.6667,-45.38,78.13,79,65,5.55
515,Fez,MA,2021-10-20 23:52:56,34.0372,-4.9998,68.25,42,0,4.61
516,Sirjan,IR,2021-10-20 23:52:57,29.452,55.6814,60.84,35,0,5.84
517,Tarata,BO,2021-10-20 23:52:57,-17.6167,-66.0167,72.82,49,60,6.87
518,Jega,NG,2021-10-20 23:52:58,12.2175,4.3792,80.96,66,94,8.55
519,Fereydunshahr,IR,2021-10-20 23:52:58,32.941,50.121,39.24,47,81,3.71
520,Umm Kaddadah,SD,2021-10-20 23:51:32,13.6017,26.6876,86.27,15,89,21.99
521,Saint-Pierre,RE,2021-10-20 23:52:59,-21.3393,55.4781,73.04,68,90,6.91
522,Finnsnes,NO,2021-10-20 23:52:59,69.2296,17.9811,30.16,81,100,8.88
523,Santa Isabel Do Rio Negro,BR,2021-10-20 23:53:00,-0.4139,-65.0192,77.13,87,69,2.98
524,Lander,US,2021-10-20 23:53:00,42.833,-108.7307,52.81,54,1,3.44
525,Okhotsk,RU,2021-10-20 23:53:00,59.3833,143.3,14.65,61,97,9.06
526,Mayo,US,2021-10-20 23:50:56,38.8876,-76.5119,68.09,73,1,1.01
527,Shilka,RU,2021-10-20 23:53:01,51.85,116.0333,27.75,80,14,2.39
528,Namatanai,PG,2021-10-20 23:53:02,-3.6667,152.4333,82.76,75,99,5.53
529,Sao Miguel Do Araguaia,BR,2021-10-20 23:53:03,-13.275,-50.1628,84.16,49,69,1.97
530,Etawah,IN,2021-10-20 23:53:03,26.7769,79.0239,71.01,62,3,5.08
531,Ndele,CF,2021-10-20 23:48:34,8.4109,20.6473,70.41,97,100,7.18
532,Shihezi,CN,2021-10-20 23:53:04,44.3,86.0333,47.86,32,36,2.75
533,Moanda,GA,2021-10-20 23:53:05,-1.5575,13.2178,69.46,98,100,2.24
534,Bongor,TD,2021-10-20 23:53:05,10.2806,15.3722,76.32,82,100,3.8
535,Sao Gabriel Da Cachoeira,BR,2021-10-20 23:53:06,-0.1303,-67.0892,73.87,98,91,2.19
536,Sao Joao Da Barra,BR,2021-10-20 23:47:48,-21.6403,-41.0511,65.08,90,100,13.31
537,Auki,SB,2021-10-20 23:47:08,-8.7676,160.7034,87.28,62,62,3.85
538,Nara,JP,2021-10-20 23:49:15,34.6851,135.8049,55.98,60,95,6.26
539,Coos Bay,US,2021-10-20 23:53:07,43.3665,-124.2179,62.58,85,75,10.36
540,Shelburne,CA,2021-10-20 23:53:08,44.0787,-80.2041,57.18,77,42,7.9
541,Chimbote,PE,2021-10-20 23:53:08,-9.0853,-78.5783,63.07,88,54,8.48
542,Bar Harbor,US,2021-10-20 23:49:50,44.3876,-68.2039,50.23,76,1,1.99
543,Wuwei,CN,2021-10-20 23:53:09,37.9281,102.6414,39.4,48,3,1.34
544,Sisimiut,GL,2021-10-20 23:49:47,66.9395,-53.6735,27.54,82,71,6.62
545,Toyooka,JP,2021-10-20 23:53:10,35.5333,134.8333,53.71,100,75,4.61
546,Anloga,GH,2021-10-20 23:53:10,5.7947,0.8973,80.82,85,95,11.23
547,Russell,US,2021-10-20 23:53:11,32.3502,-85.1999,70.83,83,1,0.0
548,Barcelos,PT,2021-10-20 23:53:11,41.5388,-8.6151,62.92,92,54,5.17
549,Henties Bay,NA,2021-10-20 23:52:04,-22.116,14.2845,56.43,95,21,9.6
550,Santa Vitoria Do Palmar,BR,2021-10-20 23:53:12,-33.5189,-53.3681,56.97,74,63,9.26
551,Preobrazheniye,RU,2021-10-20 23:53:13,42.9019,133.9064,40.95,43,0,4.63
552,Tromso,NO,2021-10-20 23:53:13,69.6496,18.957,30.22,64,75,1.99
553,Enshi,CN,2021-10-20 23:53:13,30.3,109.4833,51.39,94,100,1.41
554,Todos Santos,MX,2021-10-20 23:53:14,23.45,-110.2167,85.1,73,3,9.73
555,Gumrak,RU,2021-10-20 23:53:14,48.7826,44.3824,30.11,86,0,6.71
556,Adrar,MR,2021-10-20 23:50:26,20.5022,-10.0711,75.96,22,1,11.48
557,Phan Thiet,VN,2021-10-20 23:53:15,10.9333,108.1,78.44,87,100,4.07
558,Gigmoto,PH,2021-10-20 23:49:42,13.7796,124.39,82.62,84,96,7.25
559,Savannah Bight,HN,2021-10-20 23:53:16,16.45,-85.85,82.0,78,88,17.45
560,Labuhan,ID,2021-10-20 23:49:33,-6.8844,112.2051,81.21,76,79,6.58
561,Korla,CN,2021-10-20 23:47:23,41.7597,86.1469,50.45,28,20,1.3
562,Matagami,CA,2021-10-20 23:53:17,49.7502,-77.6328,35.71,100,90,11.5
563,Wenzhou,CN,2021-10-20 23:53:17,27.9994,120.6668,58.01,96,100,4.74
564,Gao,ML,2021-10-20 23:53:18,16.6362,1.637,82.24,15,32,5.48
565,Byron Bay,AU,2021-10-20 23:51:55,-28.65,153.6167,69.06,84,89,0.74
566,Sao Caetano De Odivelas,BR,2021-10-20 23:53:19,-0.75,-48.02,77.74,87,62,6.87
567,Morden,CA,2021-10-20 23:53:19,49.1919,-98.1014,39.63,56,100,9.22
568,Demirci,TR,2021-10-20 23:53:20,39.0461,28.6589,48.56,65,0,4.63
569,Rosetta,EG,2021-10-20 23:53:21,31.4044,30.4164,71.42,60,11,11.01
